email:abandon_cuisine-kiosque:devis termine-magasin:demande devis-kiosque:devis_valide-magasin:validation devis-Rien,5
email:abandon_cuisine-kiosque:devis termine-magasin:demande devis-magasin:paiement autre achat-web:devis_valide-email:autre_campagne-EndForced,11
email:abandon_cuisine-magasin:demande devis-Rien,25
email:abandon_cuisine-magasin:demande devis-kiosque:devis_valide-Rien,3
email:abandon_cuisine-magasin:demande devis-kiosque:devis_valide-magasin:paiement autre achat-Rien,8
email:abandon_cuisine-magasin:demande devis-magasin:devis_valide-Rien,4
email:abandon_cuisine-magasin:demande devis-magasin:modification dev-Rien,10
email:abandon_cuisine-magasin:demande devis-magasin:modification dev-magasin:paiement autre achat-Rien,13
email:abandon_cuisine-magasin:demande devis-magasin:paiement autre achat-Rien,25
email:abandon_cuisine-magasin:demande devis-magasin:paiement autre achat-email:autre_campagne-kiosque:devis_valide-magasin:validation devis-EndForced,21
email:abandon_cuisine-magasin:demande devis-magasin:paiement autre achat-email:autre_campagne-magasin:modification dev-magasin:paiement produit cuisine-EndForced,23
email:abandon_cuisine-magasin:demande devis-magasin:paiement autre achat-email:autre_campagne-magasin:validation devis-magasin:modification dev-EndForced,12
email:abandon_cuisine-magasin:demande devis-magasin:paiement autre achat-email:autre_campagne-magasin:validation devis-magasin:paiement acompte projet cuisine-EndForced,13
email:abandon_cuisine-magasin:demande devis-magasin:paiement autre achat-magasin:validation devis-magasin:paiement acompte projet cuisine-Rien,12
email:abandon_cuisine-magasin:demande devis-magasin:validation devis-Rien,3
email:abandon_cuisine-magasin:demande devis-mobile:consultation cuisine-Rien,3
email:abandon_cuisine-magasin:demande devis-web:consultation cuisine-magasin:paiement autre achat-Rien,5
email:abandon_cuisine-magasin:demande devis-web:devis_valide-Rien,4
email:abandon_cuisine-magasin:demande devis-web:home page lm-magasin:paiement autre achat-email:autre_campagne-magasin:paiement total projet cuisine-EndForced,10
email:abandon_cuisine-magasin:modification dev-magasin:demande devis-Rien,13
email:abandon_cuisine-magasin:modification dev-magasin:demande devis-magasin:paiement autre achat-Rien,27
email:abandon_cuisine-magasin:paiement acompte projet cuisine-magasin:paiement autre achat-Rien,108
email:abandon_cuisine-magasin:paiement acompte projet cuisine-magasin:validation devis-magasin:paiement autre achat-Rien,4
email:abandon_cuisine-magasin:paiement acompte projet cuisine-web:consultation cuisine-magasin:paiement autre achat-Rien,4
email:abandon_cuisine-magasin:paiement acompte projet cuisine-web:home page lm-magasin:paiement autre achat-Rien,6
email:abandon_cuisine-magasin:paiement autre achat-magasin:validation devis-magasin:modification dev-magasin:paiement acompte projet cuisine-Rien,10
email:abandon_cuisine-magasin:paiement autre achat-web:devis_valide-email:autre_campagne-magasin:paiement acompte projet cuisine-web:devis termine-EndForced,7
email:abandon_cuisine-magasin:paiement total projet cuisine-magasin:paiement autre achat-Rien,4
email:abandon_cuisine-mobile:home page lm-magasin:demande devis-magasin:paiement autre achat-magasin:paiement total projet cuisine-magasin:validation devis-EndForced,34
email:abandon_cuisine-mobile:home page lm-magasin:demande devis-magasin:paiement autre achat-web:devis_supprime-web:devis_valide-EndForced,15
email:abandon_cuisine-mobile:home page lm-web:home page lm-magasin:paiement autre achat-web:consultation produit cuisine-magasin:paiement acompte projet cuisine-EndForced,9
email:abandon_cuisine-web:consultation cuisine-magasin:paiement autre achat-Rien,10
email:abandon_cuisine-web:consultation produit cuisine-web:consultation cuisine-magasin:paiement autre achat-Rien,33
email:autre_campagne-email:abandon_cuisine-magasin:demande devis-magasin:validation devis-Rien,4
email:autre_campagne-email:abandon_cuisine-magasin:paiement acompte projet cuisine-magasin:paiement autre achat-Rien,31
email:autre_campagne-kiosque:devis termine-magasin:paiement acompte projet cuisine-magasin:paiement autre achat-Rien,7
email:autre_campagne-magasin:demande devis-magasin:modification dev-magasin:paiement autre achat-Rien,9
email:autre_campagne-magasin:demande devis-magasin:paiement acompte projet cuisine-magasin:paiement autre achat-Rien,47
email:autre_campagne-magasin:demande devis-magasin:paiement autre achat-Rien,3
email:autre_campagne-magasin:demande devis-magasin:validation devis-magasin:paiement autre achat-Rien,41
email:autre_campagne-magasin:demande devis-mobile:home page lm-magasin:paiement autre achat-Rien,5
email:autre_campagne-magasin:devis termine-magasin:paiement acompte projet cuisine-magasin:paiement autre achat-Rien,8
email:autre_campagne-magasin:paiement acompte projet cuisine-kiosque:devis_valide-magasin:paiement autre achat-Rien,17
email:autre_campagne-magasin:paiement acompte projet cuisine-magasin:devis_valide-magasin:paiement autre achat-Rien,7
email:autre_campagne-magasin:paiement acompte projet cuisine-magasin:paiement autre achat-Rien,536
email:autre_campagne-magasin:paiement acompte projet cuisine-magasin:paiement autre achat-web:home page lm-Rien,12
email:autre_campagne-magasin:paiement acompte projet cuisine-magasin:paiement produit cuisine-magasin:paiement autre achat-Rien,30
email:autre_campagne-magasin:paiement acompte projet cuisine-magasin:paiement total projet cuisine-magasin:paiement autre achat-Rien,16
email:autre_campagne-magasin:paiement acompte projet cuisine-magasin:validation devis-magasin:paiement autre achat-Rien,74
email:autre_campagne-magasin:paiement acompte projet cuisine-mobile:home page lm-magasin:paiement autre achat-Rien,7
email:autre_campagne-magasin:paiement acompte projet cuisine-web:home page lm-magasin:paiement autre achat-Rien,18
email:autre_campagne-magasin:paiement acompte projet cuisine-web:inscription-magasin:paiement autre achat-Rien,11
email:autre_campagne-magasin:paiement total projet cuisine-magasin:paiement autre achat-Rien,136
email:autre_campagne-magasin:validation devis-magasin:paiement autre achat-Rien,6
email:autre_campagne-magasin:validation devis-magasin:paiement total projet cuisine-magasin:paiement autre achat-Rien,11
email:autre_campagne-web:consultation produit cuisine-web:consultation cuisine-magasin:paiement autre achat-Rien,51
kiosque:devis termine-kiosque:devis_supprime-magasin:paiement autre achat-web:devis_supprime-web:devis_valide-kiosque:devis_valide-EndForced,38
kiosque:devis termine-kiosque:devis_supprime-magasin:paiement autre achat-web:devis_valide-kiosque:devis_valide-magasin:devis termine-EndForced,22
kiosque:devis termine-kiosque:devis_valide-magasin:paiement autre achat-Rien,97
kiosque:devis termine-kiosque:devis_valide-magasin:paiement autre achat-mobile:consultation cuisine-Rien,5
kiosque:devis termine-magasin:demande devis-kiosque:devis_valide-magasin:paiement autre achat-Rien,62
kiosque:devis termine-magasin:demande devis-magasin:devis_valide-magasin:paiement autre achat-Rien,17
kiosque:devis termine-magasin:demande devis-magasin:modification dev-magasin:paiement autre achat-Rien,6
kiosque:devis termine-magasin:demande devis-magasin:paiement autre achat-Rien,37
kiosque:devis termine-magasin:demande devis-magasin:paiement autre achat-email:autre_campagne-magasin:paiement total projet cuisine-kiosque:devis_valide-EndForced,16
kiosque:devis termine-magasin:demande devis-magasin:paiement autre achat-kiosque:devis_valide-magasin:devis_valide-magasin:modification dev-EndForced,9
kiosque:devis termine-magasin:demande devis-magasin:paiement autre achat-kiosque:devis_valide-magasin:modification dev-web:devis termine-EndForced,44
kiosque:devis termine-magasin:demande devis-magasin:paiement autre achat-kiosque:devis_valide-magasin:paiement acompte projet cuisine-Rien,6
kiosque:devis termine-magasin:demande devis-magasin:paiement autre achat-kiosque:devis_valide-magasin:validation devis-magasin:modification dev-EndForced,14
kiosque:devis termine-magasin:demande devis-magasin:paiement autre achat-kiosque:devis_valide-magasin:validation devis-magasin:paiement acompte projet cuisine-EndForced,8
kiosque:devis termine-magasin:demande devis-magasin:paiement autre achat-kiosque:devis_valide-web:consultation produit cuisine-magasin:modification dev-EndForced,7
kiosque:devis termine-magasin:demande devis-magasin:paiement autre achat-kiosque:devis_valide-web:consultation produit cuisine-web:devis termine-EndForced,8
kiosque:devis termine-magasin:demande devis-magasin:paiement autre achat-kiosque:devis_valide-web:devis termine-Rien,19
kiosque:devis termine-magasin:demande devis-magasin:paiement autre achat-magasin:devis termine-web:devis termine-Rien,7
kiosque:devis termine-magasin:demande devis-magasin:paiement autre achat-magasin:devis_valide-magasin:devis termine-Rien,5
kiosque:devis termine-magasin:demande devis-magasin:paiement autre achat-magasin:devis_valide-magasin:modification dev-Rien,6
kiosque:devis termine-magasin:demande devis-magasin:paiement autre achat-magasin:devis_valide-magasin:modification dev-web:devis termine-EndForced,6
kiosque:devis termine-magasin:demande devis-magasin:paiement autre achat-magasin:devis_valide-magasin:validation devis-Rien,5
kiosque:devis termine-magasin:demande devis-magasin:paiement autre achat-magasin:devis_valide-magasin:validation devis-magasin:paiement acompte projet cuisine-EndForced,11
kiosque:devis termine-magasin:demande devis-magasin:paiement autre achat-magasin:devis_valide-web:devis termine-Rien,7
kiosque:devis termine-magasin:demande devis-magasin:paiement autre achat-magasin:paiement total projet cuisine-kiosque:devis_valide-magasin:validation devis-EndForced,9
kiosque:devis termine-magasin:demande devis-magasin:paiement autre achat-magasin:validation devis-magasin:modification dev-magasin:paiement acompte projet cuisine-EndForced,11
kiosque:devis termine-magasin:demande devis-magasin:paiement autre achat-web:devis_valide-kiosque:devis_valide-magasin:modification dev-EndForced,24
kiosque:devis termine-magasin:demande devis-magasin:paiement autre achat-web:devis_valide-magasin:devis termine-Rien,8
kiosque:devis termine-magasin:demande devis-magasin:paiement autre achat-web:devis_valide-magasin:modification dev-Rien,8
kiosque:devis termine-magasin:demande devis-magasin:paiement autre achat-web:devis_valide-magasin:modification dev-web:devis termine-EndForced,8
kiosque:devis termine-magasin:demande devis-magasin:paiement autre achat-web:devis_valide-magasin:paiement total projet cuisine-magasin:validation devis-EndForced,35
kiosque:devis termine-magasin:demande devis-magasin:paiement autre achat-web:devis_valide-magasin:validation devis-magasin:modification dev-EndForced,12
kiosque:devis termine-magasin:demande devis-magasin:paiement autre achat-web:devis_valide-magasin:validation devis-magasin:paiement acompte projet cuisine-EndForced,21
kiosque:devis termine-magasin:demande devis-magasin:paiement autre achat-web:devis_valide-web:devis termine-Rien,12
kiosque:devis termine-magasin:demande devis-magasin:validation devis-magasin:paiement autre achat-Rien,6
kiosque:devis termine-magasin:demande devis-web:devis_valide-magasin:paiement autre achat-Rien,27
kiosque:devis termine-magasin:demande devis-web:home page lm-magasin:paiement autre achat-kiosque:devis_valide-Rien,6
kiosque:devis termine-magasin:demande devis-web:home page lm-magasin:paiement autre achat-kiosque:devis_valide-magasin:validation devis-EndForced,39
kiosque:devis termine-magasin:demande devis-web:home page lm-magasin:paiement autre achat-kiosque:devis_valide-web:devis termine-EndForced,12
kiosque:devis termine-magasin:demande devis-web:home page lm-magasin:paiement autre achat-web:devis_valide-kiosque:devis_valide-EndForced,38
kiosque:devis termine-magasin:demande devis-web:home page lm-magasin:paiement autre achat-web:devis_valide-magasin:validation devis-EndForced,10
kiosque:devis termine-magasin:devis_valide-magasin:paiement autre achat-Rien,8
kiosque:devis termine-magasin:modification dev-magasin:demande devis-magasin:paiement autre achat-Rien,8
kiosque:devis termine-magasin:paiement acompte projet cuisine-kiosque:devis_valide-magasin:paiement autre achat-Rien,16
kiosque:devis termine-magasin:paiement acompte projet cuisine-magasin:devis_valide-magasin:paiement autre achat-Rien,10
kiosque:devis termine-magasin:paiement acompte projet cuisine-magasin:paiement autre achat-Rien,15
kiosque:devis termine-magasin:paiement autre achat-Rien,36
kiosque:devis termine-magasin:paiement autre achat-kiosque:devis_valide-magasin:devis termine-magasin:paiement acompte projet cuisine-Rien,13
kiosque:devis termine-magasin:paiement autre achat-kiosque:devis_valide-magasin:devis_valide-magasin:devis termine-Rien,35
kiosque:devis termine-magasin:paiement autre achat-kiosque:devis_valide-magasin:devis_valide-magasin:devis termine-web:devis termine-EndForced,17
kiosque:devis termine-magasin:paiement autre achat-kiosque:devis_valide-magasin:paiement acompte projet cuisine-web:devis termine-Rien,17
kiosque:devis termine-magasin:paiement autre achat-magasin:paiement total projet cuisine-kiosque:devis_valide-magasin:paiement acompte projet cuisine-Rien,6
kiosque:devis termine-magasin:paiement autre achat-web:devis_valide-kiosque:devis_valide-magasin:devis_valide-magasin:devis termine-EndForced,32
kiosque:devis termine-magasin:paiement autre achat-web:devis_valide-kiosque:devis_valide-magasin:paiement acompte projet cuisine-web:devis termine-EndForced,9
kiosque:devis termine-magasin:paiement autre achat-web:devis_valide-kiosque:devis_valide-web:devis termine-Rien,46
kiosque:devis termine-magasin:paiement autre achat-web:devis_valide-magasin:paiement acompte projet cuisine-web:devis termine-Rien,13
kiosque:devis termine-magasin:paiement autre achat-web:devis_valide-magasin:paiement produit cuisine-magasin:paiement acompte projet cuisine-web:devis termine-EndForced,14
kiosque:devis termine-magasin:paiement autre achat-web:devis_valide-magasin:paiement total projet cuisine-web:devis termine-Rien,11
kiosque:devis termine-magasin:paiement total projet cuisine-magasin:paiement autre achat-Rien,10
kiosque:devis termine-mobile:consultation cuisine-magasin:paiement autre achat-Rien,7
kiosque:devis termine-mobile:inscription-magasin:paiement autre achat-Rien,3
kiosque:devis termine-web:consultation cuisine-magasin:paiement autre achat-Rien,17
kiosque:devis termine-web:consultation produit cuisine-magasin:paiement autre achat-Rien,6
kiosque:devis termine-web:devis termine-kiosque:devis_valide-magasin:paiement autre achat-Rien,6
kiosque:devis termine-web:devis termine-magasin:demande devis-magasin:paiement autre achat-Rien,6
kiosque:devis termine-web:devis termine-magasin:paiement autre achat-Rien,98
kiosque:devis termine-web:devis termine-magasin:paiement total projet cuisine-magasin:paiement autre achat-Rien,22
kiosque:devis termine-web:devis termine-web:consultation cuisine-magasin:paiement autre achat-Rien,12
kiosque:devis termine-web:devis termine-web:consultation produit cuisine-magasin:paiement autre achat-Rien,5
kiosque:devis termine-web:devis termine-web:devis_valide-magasin:paiement autre achat-Rien,5
kiosque:devis termine-web:devis termine-web:paiement produit cuisine-magasin:paiement autre achat-Rien,4
kiosque:devis termine-web:devis_valide-magasin:paiement autre achat-Rien,3
kiosque:devis termine-web:home page lm-magasin:paiement autre achat-kiosque:devis_valide-magasin:paiement acompte projet cuisine-Rien,8
kiosque:devis termine-web:home page lm-magasin:paiement autre achat-magasin:devis_valide-magasin:paiement acompte projet cuisine-Rien,7
kiosque:devis termine-web:home page lm-magasin:paiement autre achat-web:devis_valide-kiosque:devis_valide-magasin:devis_valide-EndForced,21
kiosque:devis_valide-magasin:paiement total projet cuisine-magasin:paiement autre achat-Rien,10
kiosque:devis_valide-web:consultation cuisine-magasin:paiement autre achat-Rien,4
magasin:demande devis-kiosque:devis_supprime-magasin:paiement autre achat-web:devis_supprime-web:devis termine-Rien,14
magasin:demande devis-kiosque:devis_valide-magasin:paiement autre achat-Rien,202
magasin:demande devis-kiosque:devis_valide-magasin:paiement autre achat-web:home page lm-Rien,5
magasin:demande devis-kiosque:devis_valide-magasin:paiement produit cuisine-magasin:paiement autre achat-Rien,10
magasin:demande devis-kiosque:devis_valide-magasin:paiement total projet cuisine-magasin:paiement autre achat-Rien,18
magasin:demande devis-kiosque:devis_valide-mobile:home page lm-magasin:paiement autre achat-Rien,8
magasin:demande devis-kiosque:devis_valide-web:devis_valide-magasin:paiement autre achat-Rien,5
magasin:demande devis-magasin:devis_valide-magasin:paiement autre achat-Rien,108
magasin:demande devis-magasin:devis_valide-mobile:home page lm-magasin:paiement autre achat-Rien,6
magasin:demande devis-magasin:modification dev-kiosque:devis_valide-magasin:paiement autre achat-Rien,37
magasin:demande devis-magasin:modification dev-magasin:devis_valide-magasin:paiement autre achat-Rien,57
magasin:demande devis-magasin:modification dev-magasin:paiement acompte projet cuisine-magasin:paiement autre achat-Rien,30
magasin:demande devis-magasin:modification dev-magasin:paiement autre achat-Rien,634
magasin:demande devis-magasin:modification dev-magasin:paiement produit cuisine-magasin:paiement autre achat-Rien,34
magasin:demande devis-magasin:modification dev-magasin:paiement total projet cuisine-magasin:paiement autre achat-Rien,9
magasin:demande devis-magasin:modification dev-magasin:validation devis-magasin:paiement autre achat-Rien,98
magasin:demande devis-magasin:modification dev-web:consultation produit cuisine-magasin:paiement autre achat-Rien,10
magasin:demande devis-magasin:modification dev-web:devis_valide-magasin:paiement autre achat-Rien,11
magasin:demande devis-magasin:modification dev-web:home page lm-magasin:paiement autre achat-Rien,12
magasin:demande devis-magasin:modification dev-web:inscription-magasin:paiement autre achat-Rien,8
magasin:demande devis-magasin:paiement acompte projet cuisine-kiosque:devis_valide-magasin:paiement autre achat-Rien,29
magasin:demande devis-magasin:paiement acompte projet cuisine-magasin:paiement autre achat-Rien,487
magasin:demande devis-magasin:paiement acompte projet cuisine-magasin:paiement produit cuisine-magasin:paiement autre achat-Rien,82
magasin:demande devis-magasin:paiement acompte projet cuisine-magasin:paiement total projet cuisine-magasin:paiement autre achat-Rien,21
magasin:demande devis-magasin:paiement acompte projet cuisine-magasin:validation devis-magasin:paiement autre achat-Rien,1610
magasin:demande devis-magasin:paiement acompte projet cuisine-mobile:home page lm-magasin:paiement autre achat-Rien,9
magasin:demande devis-magasin:paiement acompte projet cuisine-web:home page lm-magasin:paiement autre achat-Rien,14
magasin:demande devis-magasin:paiement autre achat-Rien,4871
magasin:demande devis-magasin:paiement autre achat-email:autre_campagne-kiosque:devis_valide-magasin:validation devis-magasin:modification dev-EndForced,12
magasin:demande devis-magasin:paiement autre achat-email:autre_campagne-kiosque:devis_valide-magasin:validation devis-magasin:paiement acompte projet cuisine-EndForced,23
magasin:demande devis-magasin:paiement autre achat-email:autre_campagne-magasin:devis_valide-magasin:validation devis-Rien,7
magasin:demande devis-magasin:paiement autre achat-email:autre_campagne-magasin:devis_valide-magasin:validation devis-magasin:modification dev-EndForced,25
magasin:demande devis-magasin:paiement autre achat-email:autre_campagne-magasin:modification dev-magasin:paiement acompte projet cuisine-Rien,24
magasin:demande devis-magasin:paiement autre achat-email:autre_campagne-magasin:paiement total projet cuisine-kiosque:devis_valide-magasin:validation devis-EndForced,14
magasin:demande devis-magasin:paiement autre achat-email:autre_campagne-magasin:paiement total projet cuisine-magasin:modification dev-magasin:paiement produit cuisine-EndForced,15
magasin:demande devis-magasin:paiement autre achat-email:autre_campagne-magasin:paiement total projet cuisine-magasin:validation devis-Rien,30
magasin:demande devis-magasin:paiement autre achat-email:autre_campagne-magasin:paiement total projet cuisine-magasin:validation devis-magasin:modification dev-EndForced,17
magasin:demande devis-magasin:paiement autre achat-email:autre_campagne-magasin:paiement total projet cuisine-magasin:validation devis-magasin:paiement acompte projet cuisine-EndForced,21
magasin:demande devis-magasin:paiement autre achat-email:autre_campagne-magasin:paiement total projet cuisine-magasin:validation devis-magasin:paiement produit cuisine-EndForced,28
magasin:demande devis-magasin:paiement autre achat-email:autre_campagne-magasin:validation devis-magasin:modification dev-Rien,28
magasin:demande devis-magasin:paiement autre achat-email:autre_campagne-magasin:validation devis-magasin:modification dev-magasin:paiement acompte projet cuisine-EndForced,105
magasin:demande devis-magasin:paiement autre achat-email:autre_campagne-magasin:validation devis-magasin:modification dev-magasin:paiement produit cuisine-EndForced,65
magasin:demande devis-magasin:paiement autre achat-email:autre_campagne-magasin:validation devis-magasin:paiement acompte projet cuisine-Rien,192
magasin:demande devis-magasin:paiement autre achat-email:autre_campagne-magasin:validation devis-magasin:paiement acompte projet cuisine-web:devis termine-EndForced,8
magasin:demande devis-magasin:paiement autre achat-email:autre_campagne-magasin:validation devis-magasin:paiement produit cuisine-magasin:paiement acompte projet cuisine-EndForced,29
magasin:demande devis-magasin:paiement autre achat-kiosque:devis_valide-magasin:devis_valide-magasin:modification dev-Rien,14
magasin:demande devis-magasin:paiement autre achat-kiosque:devis_valide-magasin:modification dev-magasin:devis termine-Rien,6
magasin:demande devis-magasin:paiement autre achat-kiosque:devis_valide-magasin:modification dev-magasin:paiement acompte projet cuisine-Rien,12
magasin:demande devis-magasin:paiement autre achat-kiosque:devis_valide-magasin:validation devis-magasin:modification dev-Rien,12
magasin:demande devis-magasin:paiement autre achat-kiosque:devis_valide-magasin:validation devis-magasin:modification dev-magasin:devis termine-EndForced,13
magasin:demande devis-magasin:paiement autre achat-kiosque:devis_valide-magasin:validation devis-magasin:modification dev-magasin:paiement acompte projet cuisine-EndForced,12
magasin:demande devis-magasin:paiement autre achat-kiosque:devis_valide-magasin:validation devis-magasin:modification dev-magasin:paiement produit cuisine-EndForced,26
magasin:demande devis-magasin:paiement autre achat-kiosque:devis_valide-magasin:validation devis-magasin:paiement acompte projet cuisine-Rien,63
magasin:demande devis-magasin:paiement autre achat-kiosque:devis_valide-magasin:validation devis-magasin:paiement produit cuisine-magasin:paiement acompte projet cuisine-EndForced,13
magasin:demande devis-magasin:paiement autre achat-kiosque:devis_valide-magasin:validation devis-web:consultation produit cuisine-magasin:modification dev-EndForced,10
magasin:demande devis-magasin:paiement autre achat-magasin:devis_valide-magasin:devis termine-magasin:paiement acompte projet cuisine-Rien,8
magasin:demande devis-magasin:paiement autre achat-magasin:devis_valide-magasin:modification dev-magasin:devis termine-Rien,8
magasin:demande devis-magasin:paiement autre achat-magasin:devis_valide-magasin:modification dev-web:devis termine-Rien,14
magasin:demande devis-magasin:paiement autre achat-magasin:devis_valide-magasin:validation devis-magasin:modification dev-magasin:devis termine-EndForced,13
magasin:demande devis-magasin:paiement autre achat-magasin:devis_valide-magasin:validation devis-magasin:modification dev-magasin:paiement acompte projet cuisine-EndForced,36
magasin:demande devis-magasin:paiement autre achat-magasin:devis_valide-magasin:validation devis-magasin:modification dev-magasin:paiement produit cuisine-EndForced,21
magasin:demande devis-magasin:paiement autre achat-magasin:devis_valide-magasin:validation devis-magasin:paiement acompte projet cuisine-Rien,17
magasin:demande devis-magasin:paiement autre achat-magasin:devis_valide-magasin:validation devis-web:devis termine-Rien,5
magasin:demande devis-magasin:paiement autre achat-magasin:modification dev-magasin:paiement produit cuisine-magasin:paiement acompte projet cuisine-Rien,12
magasin:demande devis-magasin:paiement autre achat-magasin:paiement acompte projet cuisine-mobile:consultation produit cuisine-mobile:consultation cuisine-Rien,7
magasin:demande devis-magasin:paiement autre achat-magasin:paiement total projet cuisine-kiosque:devis_valide-magasin:devis_valide-magasin:paiement acompte projet cuisine-EndForced,26
magasin:demande devis-magasin:paiement autre achat-magasin:paiement total projet cuisine-kiosque:devis_valide-magasin:paiement acompte projet cuisine-Rien,12
magasin:demande devis-magasin:paiement autre achat-magasin:paiement total projet cuisine-kiosque:devis_valide-magasin:validation devis-Rien,46
magasin:demande devis-magasin:paiement autre achat-magasin:paiement total projet cuisine-kiosque:devis_valide-magasin:validation devis-magasin:paiement acompte projet cuisine-EndForced,10
magasin:demande devis-magasin:paiement autre achat-magasin:paiement total projet cuisine-kiosque:devis_valide-magasin:validation devis-web:consultation produit cuisine-EndForced,17
magasin:demande devis-magasin:paiement autre achat-magasin:paiement total projet cuisine-kiosque:devis_valide-magasin:validation devis-web:devis termine-EndForced,8
magasin:demande devis-magasin:paiement autre achat-magasin:paiement total projet cuisine-magasin:devis_valide-magasin:modification dev-Rien,8
magasin:demande devis-magasin:paiement autre achat-magasin:paiement total projet cuisine-magasin:devis_valide-magasin:validation devis-Rien,6
magasin:demande devis-magasin:paiement autre achat-magasin:paiement total projet cuisine-magasin:modification dev-magasin:paiement acompte projet cuisine-Rien,12
magasin:demande devis-magasin:paiement autre achat-magasin:paiement total projet cuisine-magasin:paiement produit cuisine-magasin:paiement acompte projet cuisine-Rien,26
magasin:demande devis-magasin:paiement autre achat-magasin:paiement total projet cuisine-magasin:validation devis-magasin:modification dev-Rien,96
magasin:demande devis-magasin:paiement autre achat-magasin:paiement total projet cuisine-magasin:validation devis-magasin:modification dev-magasin:paiement acompte projet cuisine-EndForced,46
magasin:demande devis-magasin:paiement autre achat-magasin:paiement total projet cuisine-magasin:validation devis-magasin:modification dev-magasin:paiement produit cuisine-EndForced,16
magasin:demande devis-magasin:paiement autre achat-magasin:paiement total projet cuisine-magasin:validation devis-magasin:paiement acompte projet cuisine-Rien,165
magasin:demande devis-magasin:paiement autre achat-magasin:paiement total projet cuisine-magasin:validation devis-magasin:paiement produit cuisine-Rien,48
magasin:demande devis-magasin:paiement autre achat-magasin:paiement total projet cuisine-magasin:validation devis-magasin:paiement produit cuisine-magasin:paiement acompte projet cuisine-EndForced,75
magasin:demande devis-magasin:paiement autre achat-magasin:validation devis-magasin:devis termine-magasin:paiement acompte projet cuisine-Rien,6
magasin:demande devis-magasin:paiement autre achat-magasin:validation devis-magasin:modification dev-magasin:devis termine-magasin:paiement acompte projet cuisine-EndForced,13
magasin:demande devis-magasin:paiement autre achat-magasin:validation devis-magasin:modification dev-magasin:paiement acompte projet cuisine-Rien,764
magasin:demande devis-magasin:paiement autre achat-magasin:validation devis-magasin:modification dev-magasin:paiement acompte projet cuisine-mobile:consultation cuisine-EndForced,9
magasin:demande devis-magasin:paiement autre achat-magasin:validation devis-magasin:modification dev-magasin:paiement produit cuisine-magasin:paiement acompte projet cuisine-EndForced,51
magasin:demande devis-magasin:paiement autre achat-magasin:validation devis-magasin:paiement acompte projet cuisine-web:devis termine-Rien,9
magasin:demande devis-magasin:paiement autre achat-magasin:validation devis-magasin:paiement produit cuisine-magasin:paiement acompte projet cuisine-Rien,150
magasin:demande devis-magasin:paiement autre achat-magasin:validation devis-mobile:inscription-magasin:paiement acompte projet cuisine-Rien,10
magasin:demande devis-magasin:paiement autre achat-magasin:validation devis-web:consultation produit cuisine-magasin:modification dev-magasin:paiement acompte projet cuisine-EndForced,14
magasin:demande devis-magasin:paiement autre achat-magasin:validation devis-web:consultation produit cuisine-web:devis termine-Rien,8
magasin:demande devis-magasin:paiement autre achat-mobile:home page lm-Rien,30
magasin:demande devis-magasin:paiement autre achat-web:devis_supprime-web:devis_valide-magasin:modification dev-magasin:paiement acompte projet cuisine-EndForced,8
magasin:demande devis-magasin:paiement autre achat-web:devis_valide-email:autre_campagne-magasin:paiement total projet cuisine-kiosque:devis_valide-EndForced,25
magasin:demande devis-magasin:paiement autre achat-web:devis_valide-email:autre_campagne-magasin:validation devis-magasin:paiement acompte projet cuisine-EndForced,12
magasin:demande devis-magasin:paiement autre achat-web:devis_valide-kiosque:devis_valide-magasin:modification dev-magasin:paiement acompte projet cuisine-EndForced,12
magasin:demande devis-magasin:paiement autre achat-web:devis_valide-kiosque:devis_valide-magasin:paiement acompte projet cuisine-Rien,7
magasin:demande devis-magasin:paiement autre achat-web:devis_valide-kiosque:devis_valide-magasin:validation devis-magasin:paiement acompte projet cuisine-EndForced,11
magasin:demande devis-magasin:paiement autre achat-web:devis_valide-kiosque:devis_valide-web:devis termine-Rien,5
magasin:demande devis-magasin:paiement autre achat-web:devis_valide-magasin:devis_valide-magasin:validation devis-magasin:modification dev-EndForced,15
magasin:demande devis-magasin:paiement autre achat-web:devis_valide-magasin:modification dev-web:devis termine-Rien,7
magasin:demande devis-magasin:paiement autre achat-web:devis_valide-magasin:validation devis-magasin:modification dev-magasin:paiement acompte projet cuisine-EndForced,18
magasin:demande devis-magasin:paiement autre achat-web:devis_valide-magasin:validation devis-magasin:paiement acompte projet cuisine-Rien,26
magasin:demande devis-magasin:paiement autre achat-web:home page lm-Rien,5
magasin:demande devis-magasin:paiement autre achat-web:inscription-magasin:devis_valide-magasin:validation devis-magasin:devis termine-EndForced,21
magasin:demande devis-magasin:paiement autre achat-web:inscription-magasin:paiement total projet cuisine-magasin:validation devis-Rien,9
magasin:demande devis-magasin:paiement autre achat-web:inscription-magasin:validation devis-magasin:paiement acompte projet cuisine-Rien,7
magasin:demande devis-magasin:paiement produit cuisine-magasin:paiement autre achat-Rien,143
magasin:demande devis-magasin:paiement produit cuisine-magasin:paiement total projet cuisine-magasin:paiement autre achat-Rien,11
magasin:demande devis-magasin:paiement produit cuisine-mobile:home page lm-magasin:paiement autre achat-Rien,18
magasin:demande devis-magasin:paiement total projet cuisine-magasin:paiement autre achat-Rien,209
magasin:demande devis-magasin:validation devis-magasin:paiement autre achat-Rien,334
magasin:demande devis-magasin:validation devis-magasin:paiement produit cuisine-magasin:paiement autre achat-Rien,33
magasin:demande devis-magasin:validation devis-magasin:paiement total projet cuisine-magasin:paiement autre achat-Rien,343
magasin:demande devis-magasin:validation devis-web:home page lm-magasin:paiement autre achat-Rien,5
magasin:demande devis-magasin:validation devis-web:inscription-magasin:paiement autre achat-Rien,4
magasin:demande devis-mobile:home page lm-magasin:paiement autre achat-Rien,65
magasin:demande devis-mobile:inscription-magasin:paiement autre achat-Rien,8
magasin:demande devis-web:consultation cuisine-magasin:paiement autre achat-Rien,14
magasin:demande devis-web:consultation cuisine-web:home page lm-magasin:paiement autre achat-Rien,12
magasin:demande devis-web:devis termine-kiosque:devis_valide-magasin:paiement autre achat-Rien,14
magasin:demande devis-web:devis termine-magasin:devis_valide-magasin:paiement autre achat-Rien,9
magasin:demande devis-web:devis termine-magasin:paiement autre achat-Rien,3
magasin:demande devis-web:devis termine-mobile:home page lm-magasin:paiement autre achat-Rien,5
magasin:demande devis-web:devis termine-web:devis_valide-magasin:paiement autre achat-Rien,19
magasin:demande devis-web:devis_valide-magasin:paiement autre achat-Rien,36
magasin:demande devis-web:devis_valide-magasin:paiement autre achat-web:home page lm-Rien,10
magasin:demande devis-web:devis_valide-web:home page lm-magasin:paiement autre achat-Rien,8
magasin:demande devis-web:home page lm-magasin:paiement autre achat-Rien,30
magasin:demande devis-web:home page lm-magasin:paiement autre achat-email:autre_campagne-magasin:paiement total projet cuisine-magasin:validation devis-EndForced,8
magasin:demande devis-web:home page lm-magasin:paiement autre achat-email:autre_campagne-magasin:validation devis-magasin:modification dev-EndForced,10
magasin:demande devis-web:home page lm-magasin:paiement autre achat-kiosque:devis_valide-magasin:paiement acompte projet cuisine-Rien,8
magasin:demande devis-web:home page lm-magasin:paiement autre achat-kiosque:devis_valide-magasin:validation devis-magasin:modification dev-EndForced,19
magasin:demande devis-web:home page lm-magasin:paiement autre achat-magasin:validation devis-magasin:modification dev-Rien,13
magasin:demande devis-web:home page lm-magasin:paiement autre achat-magasin:validation devis-magasin:modification dev-magasin:paiement acompte projet cuisine-EndForced,17
magasin:demande devis-web:home page lm-magasin:paiement autre achat-magasin:validation devis-magasin:paiement acompte projet cuisine-Rien,6
magasin:demande devis-web:home page lm-magasin:paiement autre achat-magasin:validation devis-magasin:paiement acompte projet cuisine-web:devis termine-EndForced,9
magasin:demande devis-web:home page lm-magasin:paiement autre achat-web:devis_supprime-web:devis termine-Rien,10
magasin:demande devis-web:home page lm-magasin:paiement autre achat-web:devis_supprime-web:devis_valide-magasin:modification dev-EndForced,16
magasin:demande devis-web:home page lm-magasin:paiement autre achat-web:devis_valide-kiosque:devis_valide-magasin:modification dev-EndForced,10
magasin:demande devis-web:home page lm-magasin:paiement autre achat-web:devis_valide-kiosque:devis_valide-magasin:paiement produit cuisine-EndForced,27
magasin:demande devis-web:home page lm-magasin:paiement autre achat-web:devis_valide-magasin:paiement acompte projet cuisine-web:devis termine-EndForced,14
magasin:demande devis-web:home page lm-magasin:paiement autre achat-web:devis_valide-magasin:validation devis-magasin:modification dev-EndForced,33
magasin:demande devis-web:home page lm-magasin:paiement autre achat-web:inscription-magasin:validation devis-magasin:paiement acompte projet cuisine-EndForced,16
magasin:demande devis-web:inscription-magasin:paiement autre achat-Rien,10
magasin:devis termine-kiosque:devis termine-web:devis termine-magasin:paiement autre achat-Rien,17
magasin:devis termine-magasin:demande devis-magasin:devis_valide-magasin:paiement autre achat-Rien,28
magasin:devis termine-magasin:demande devis-magasin:paiement autre achat-Rien,15
magasin:devis termine-magasin:demande devis-magasin:paiement total projet cuisine-magasin:paiement autre achat-Rien,5
magasin:devis termine-magasin:demande devis-web:devis_valide-magasin:paiement autre achat-Rien,5
magasin:devis termine-magasin:modification dev-magasin:paiement autre achat-Rien,7
magasin:devis termine-magasin:paiement acompte projet cuisine-magasin:paiement autre achat-Rien,10
magasin:devis termine-magasin:paiement acompte projet cuisine-magasin:paiement total projet cuisine-magasin:paiement autre achat-Rien,5
magasin:devis termine-magasin:paiement acompte projet cuisine-magasin:validation devis-magasin:paiement autre achat-Rien,6
magasin:devis termine-magasin:paiement acompte projet cuisine-web:consultation produit cuisine-magasin:paiement autre achat-Rien,7
magasin:devis termine-magasin:paiement acompte projet cuisine-web:devis_valide-magasin:paiement autre achat-Rien,6
magasin:devis termine-web:devis termine-magasin:devis_valide-magasin:paiement autre achat-Rien,6
magasin:devis termine-web:devis termine-magasin:paiement acompte projet cuisine-magasin:paiement autre achat-Rien,5
magasin:devis termine-web:devis termine-magasin:paiement autre achat-Rien,7
magasin:modification dev-kiosque:devis_valide-magasin:paiement autre achat-Rien,4
magasin:modification dev-magasin:demande devis-kiosque:devis_valide-magasin:paiement autre achat-Rien,51
magasin:modification dev-magasin:demande devis-magasin:devis_valide-magasin:paiement autre achat-Rien,52
magasin:modification dev-magasin:demande devis-magasin:paiement acompte projet cuisine-magasin:paiement autre achat-Rien,33
magasin:modification dev-magasin:demande devis-magasin:paiement autre achat-Rien,614
magasin:modification dev-magasin:demande devis-magasin:paiement autre achat-mobile:home page lm-Rien,5
magasin:modification dev-magasin:demande devis-magasin:paiement produit cuisine-magasin:paiement autre achat-Rien,37
magasin:modification dev-magasin:demande devis-magasin:paiement total projet cuisine-magasin:paiement autre achat-Rien,49
magasin:modification dev-magasin:demande devis-magasin:validation devis-magasin:paiement autre achat-Rien,54
magasin:modification dev-magasin:demande devis-web:devis_valide-magasin:paiement autre achat-Rien,5
magasin:modification dev-magasin:devis_valide-magasin:paiement autre achat-Rien,11
magasin:modification dev-magasin:paiement acompte projet cuisine-magasin:paiement autre achat-Rien,6
magasin:modification dev-magasin:paiement acompte projet cuisine-magasin:validation devis-magasin:paiement autre achat-Rien,359
magasin:modification dev-magasin:paiement autre achat-Rien,106
magasin:modification dev-magasin:validation devis-magasin:paiement autre achat-Rien,46
magasin:modification dev-magasin:validation devis-magasin:paiement total projet cuisine-magasin:paiement autre achat-Rien,24
magasin:modification dev-web:devis_valide-magasin:paiement autre achat-Rien,8
magasin:paiement acompte projet cuisine-kiosque:devis_valide-magasin:paiement autre achat-Rien,65
magasin:paiement acompte projet cuisine-kiosque:devis_valide-magasin:paiement autre achat-mobile:consultation cuisine-Rien,9
magasin:paiement acompte projet cuisine-kiosque:devis_valide-magasin:paiement total projet cuisine-magasin:paiement autre achat-Rien,15
magasin:paiement acompte projet cuisine-kiosque:devis_valide-magasin:validation devis-magasin:paiement autre achat-Rien,6
magasin:paiement acompte projet cuisine-kiosque:devis_valide-web:devis_valide-magasin:paiement autre achat-Rien,5
magasin:paiement acompte projet cuisine-kiosque:devis_valide-web:home page lm-magasin:paiement autre achat-Rien,5
magasin:paiement acompte projet cuisine-magasin:devis_valide-magasin:paiement autre achat-Rien,59
magasin:paiement acompte projet cuisine-magasin:devis_valide-web:devis_valide-magasin:paiement autre achat-Rien,5
magasin:paiement acompte projet cuisine-magasin:paiement autre achat-Rien,11708
magasin:paiement acompte projet cuisine-magasin:paiement autre achat-mobile:consultation cuisine-Rien,5
magasin:paiement acompte projet cuisine-magasin:paiement autre achat-mobile:home page lm-Rien,103
magasin:paiement acompte projet cuisine-magasin:paiement autre achat-web:home page lm-Rien,147
magasin:paiement acompte projet cuisine-magasin:paiement produit cuisine-kiosque:devis_valide-magasin:paiement autre achat-Rien,12
magasin:paiement acompte projet cuisine-magasin:paiement produit cuisine-magasin:paiement autre achat-Rien,394
magasin:paiement acompte projet cuisine-magasin:paiement produit cuisine-magasin:paiement total projet cuisine-magasin:paiement autre achat-Rien,67
magasin:paiement acompte projet cuisine-magasin:paiement produit cuisine-web:consultation cuisine-magasin:paiement autre achat-Rien,16
magasin:paiement acompte projet cuisine-magasin:paiement total projet cuisine-magasin:paiement autre achat-Rien,820
magasin:paiement acompte projet cuisine-magasin:paiement total projet cuisine-magasin:paiement autre achat-mobile:home page lm-Rien,7
magasin:paiement acompte projet cuisine-magasin:paiement total projet cuisine-magasin:paiement autre achat-web:home page lm-Rien,30
magasin:paiement acompte projet cuisine-magasin:paiement total projet cuisine-mobile:home page lm-magasin:paiement autre achat-Rien,22
magasin:paiement acompte projet cuisine-magasin:paiement total projet cuisine-web:home page lm-magasin:paiement autre achat-Rien,53
magasin:paiement acompte projet cuisine-magasin:validation devis-kiosque:devis_valide-magasin:paiement autre achat-Rien,7
magasin:paiement acompte projet cuisine-magasin:validation devis-magasin:devis_valide-magasin:paiement autre achat-Rien,5
magasin:paiement acompte projet cuisine-magasin:validation devis-magasin:paiement autre achat-Rien,218
magasin:paiement acompte projet cuisine-magasin:validation devis-magasin:paiement autre achat-web:home page lm-Rien,9
magasin:paiement acompte projet cuisine-magasin:validation devis-magasin:paiement total projet cuisine-magasin:paiement autre achat-Rien,46
magasin:paiement acompte projet cuisine-magasin:validation devis-mobile:home page lm-magasin:paiement autre achat-Rien,5
magasin:paiement acompte projet cuisine-magasin:validation devis-web:home page lm-magasin:paiement autre achat-Rien,4
magasin:paiement acompte projet cuisine-mobile:consultation cuisine-magasin:paiement autre achat-Rien,10
magasin:paiement acompte projet cuisine-mobile:consultation cuisine-mobile:home page lm-magasin:paiement autre achat-Rien,12
magasin:paiement acompte projet cuisine-mobile:home page lm-magasin:paiement autre achat-Rien,262
magasin:paiement acompte projet cuisine-mobile:home page lm-magasin:paiement autre achat-mobile:consultation cuisine-Rien,7
magasin:paiement acompte projet cuisine-mobile:home page lm-mobile:consultation cuisine-magasin:paiement autre achat-Rien,47
magasin:paiement acompte projet cuisine-mobile:inscription-magasin:paiement autre achat-Rien,83
magasin:paiement acompte projet cuisine-mobile:inscription-mobile:home page lm-magasin:paiement autre achat-Rien,12
magasin:paiement acompte projet cuisine-web:consultation cuisine-magasin:devis_valide-magasin:paiement autre achat-Rien,12
magasin:paiement acompte projet cuisine-web:consultation cuisine-magasin:paiement autre achat-Rien,68
magasin:paiement acompte projet cuisine-web:consultation produit cuisine-magasin:paiement autre achat-Rien,41
magasin:paiement acompte projet cuisine-web:consultation produit cuisine-magasin:paiement autre achat-web:home page lm-Rien,5
magasin:paiement acompte projet cuisine-web:consultation produit cuisine-web:consultation cuisine-magasin:paiement autre achat-Rien,149
magasin:paiement acompte projet cuisine-web:consultation produit cuisine-web:devis_valide-magasin:paiement autre achat-Rien,7
magasin:paiement acompte projet cuisine-web:consultation produit cuisine-web:inscription-magasin:paiement autre achat-Rien,7
magasin:paiement acompte projet cuisine-web:devis_valide-magasin:paiement autre achat-Rien,19
magasin:paiement acompte projet cuisine-web:devis_valide-web:home page lm-magasin:paiement autre achat-Rien,4
magasin:paiement acompte projet cuisine-web:home page lm-magasin:paiement autre achat-Rien,324
magasin:paiement acompte projet cuisine-web:inscription-magasin:paiement autre achat-Rien,103
magasin:paiement acompte projet cuisine-web:inscription-web:home page lm-magasin:paiement autre achat-Rien,18
magasin:paiement acompte projet cuisine-web:inscription-web:paiement produit cuisine-magasin:paiement autre achat-Rien,5
magasin:paiement acompte projet cuisine-web:paiement autre achat-magasin:paiement autre achat-Rien,7
magasin:paiement acompte projet cuisine-web:paiement produit cuisine-magasin:paiement autre achat-Rien,10
magasin:paiement acompte projet cuisine-web:paiement produit cuisine-web:home page lm-magasin:paiement autre achat-Rien,6
magasin:paiement autre achat-email:autre_campagne-kiosque:devis_valide-magasin:paiement acompte projet cuisine-mobile:consultation cuisine-Rien,11
magasin:paiement autre achat-email:autre_campagne-kiosque:devis_valide-magasin:paiement produit cuisine-magasin:paiement acompte projet cuisine-Rien,14
magasin:paiement autre achat-email:autre_campagne-magasin:paiement total projet cuisine-kiosque:devis_valide-magasin:paiement acompte projet cuisine-Rien,8
magasin:paiement autre achat-email:autre_campagne-magasin:paiement total projet cuisine-web:devis termine-mobile:consultation cuisine-Rien,8
magasin:paiement autre achat-email:autre_campagne-magasin:validation devis-magasin:modification dev-magasin:paiement acompte projet cuisine-Rien,26
magasin:paiement autre achat-email:autre_campagne-magasin:validation devis-magasin:modification dev-magasin:paiement acompte projet cuisine-web:devis termine-EndForced,9
magasin:paiement autre achat-email:autre_campagne-magasin:validation devis-web:consultation produit cuisine-magasin:modification dev-magasin:paiement acompte projet cuisine-EndForced,12
magasin:paiement autre achat-email:autre_campagne-web:inscription-magasin:paiement total projet cuisine-web:consultation produit cuisine-Rien,13
magasin:paiement autre achat-kiosque:devis_valide-magasin:modification dev-magasin:devis termine-web:devis termine-Rien,6
magasin:paiement autre achat-kiosque:devis_valide-magasin:validation devis-web:consultation produit cuisine-magasin:modification dev-magasin:paiement acompte projet cuisine-EndForced,7
magasin:paiement autre achat-magasin:devis_valide-magasin:validation devis-magasin:modification dev-magasin:paiement acompte projet cuisine-Rien,46
magasin:paiement autre achat-magasin:paiement total projet cuisine-magasin:validation devis-magasin:modification dev-magasin:paiement acompte projet cuisine-Rien,13
magasin:paiement autre achat-mobile:consultation cuisine-Rien,91
magasin:paiement autre achat-web:devis_supprime-web:devis_valide-kiosque:devis_valide-web:devis termine-Rien,6
magasin:paiement autre achat-web:devis_valide-email:autre_campagne-magasin:paiement total projet cuisine-magasin:validation devis-magasin:modification dev-EndForced,19
magasin:paiement autre achat-web:devis_valide-email:autre_campagne-magasin:validation devis-magasin:modification dev-magasin:devis termine-EndForced,13
magasin:paiement autre achat-web:devis_valide-magasin:paiement total projet cuisine-kiosque:devis_valide-web:devis termine-Rien,7
magasin:paiement autre achat-web:devis_valide-magasin:paiement total projet cuisine-magasin:validation devis-magasin:modification dev-Rien,9
magasin:paiement produit cuisine-magasin:paiement autre achat-mobile:home page lm-mobile:consultation cuisine-Rien,35
magasin:paiement produit cuisine-web:consultation cuisine-magasin:paiement autre achat-web:home page lm-Rien,19
magasin:paiement produit cuisine-web:consultation produit cuisine-web:consultation cuisine-magasin:paiement autre achat-Rien,82
magasin:paiement total projet cuisine-magasin:paiement autre achat-Rien,5380
magasin:paiement total projet cuisine-magasin:paiement autre achat-mobile:consultation cuisine-Rien,3
magasin:paiement total projet cuisine-mobile:inscription-magasin:paiement autre achat-Rien,24
magasin:paiement total projet cuisine-mobile:inscription-mobile:consultation cuisine-magasin:paiement autre achat-Rien,5
magasin:paiement total projet cuisine-mobile:inscription-mobile:home page lm-magasin:paiement autre achat-Rien,5
magasin:paiement total projet cuisine-web:consultation cuisine-magasin:paiement autre achat-Rien,5
magasin:paiement total projet cuisine-web:consultation cuisine-web:inscription-magasin:paiement autre achat-Rien,5
magasin:paiement total projet cuisine-web:consultation produit cuisine-web:consultation cuisine-magasin:paiement autre achat-Rien,21
magasin:paiement total projet cuisine-web:devis_valide-magasin:paiement autre achat-Rien,16
magasin:paiement total projet cuisine-web:home page lm-magasin:paiement autre achat-Rien,6
magasin:paiement total projet cuisine-web:paiement produit cuisine-magasin:paiement autre achat-Rien,4
magasin:validation devis-magasin:paiement autre achat-Rien,16
magasin:validation devis-magasin:paiement total projet cuisine-magasin:paiement autre achat-Rien,69
magasin:validation devis-magasin:paiement total projet cuisine-magasin:paiement autre achat-web:home page lm-Rien,6
mobile:consultation cuisine-magasin:paiement autre achat-Rien,106
mobile:consultation produit cuisine-magasin:paiement acompte projet cuisine-magasin:paiement total projet cuisine-magasin:paiement autre achat-Rien,12
mobile:consultation produit cuisine-magasin:paiement acompte projet cuisine-web:paiement autre achat-magasin:paiement autre achat-Rien,12
mobile:consultation produit cuisine-magasin:paiement autre achat-mobile:consultation cuisine-Rien,106
mobile:consultation produit cuisine-mobile:consultation cuisine-magasin:paiement autre achat-Rien,64
mobile:consultation produit cuisine-mobile:consultation cuisine-mobile:home page lm-magasin:paiement autre achat-Rien,14
mobile:consultation produit cuisine-mobile:home page lm-mobile:consultation cuisine-magasin:paiement autre achat-Rien,31
mobile:consultation produit cuisine-mobile:inscription-mobile:consultation cuisine-magasin:paiement autre achat-Rien,6
mobile:home page lm-kiosque:devis termine-magasin:demande devis-kiosque:devis_supprime-web:home page lm-magasin:paiement autre achat-EndForced,20
mobile:home page lm-kiosque:devis termine-magasin:demande devis-magasin:paiement autre achat-kiosque:devis_valide-magasin:validation devis-EndForced,39
mobile:home page lm-kiosque:devis termine-magasin:demande devis-magasin:paiement autre achat-magasin:paiement total projet cuisine-magasin:validation devis-EndForced,22
mobile:home page lm-kiosque:devis termine-magasin:demande devis-magasin:paiement autre achat-magasin:validation devis-magasin:modification dev-EndForced,18
mobile:home page lm-kiosque:devis termine-magasin:demande devis-magasin:paiement autre achat-web:devis_valide-kiosque:devis_valide-EndForced,18
mobile:home page lm-kiosque:devis termine-magasin:demande devis-magasin:paiement autre achat-web:devis_valide-magasin:devis_valide-EndForced,15
mobile:home page lm-kiosque:devis termine-magasin:demande devis-magasin:paiement autre achat-web:devis_valide-magasin:validation devis-EndForced,35
mobile:home page lm-kiosque:devis termine-magasin:demande devis-web:home page lm-magasin:paiement autre achat-magasin:devis_valide-EndForced,16
mobile:home page lm-kiosque:devis termine-magasin:paiement autre achat-magasin:devis_valide-magasin:paiement acompte projet cuisine-mobile:consultation produit cuisine-EndForced,41
mobile:home page lm-kiosque:devis termine-magasin:paiement autre achat-magasin:paiement acompte projet cuisine-mobile:consultation produit cuisine-mobile:consultation cuisine-EndForced,38
mobile:home page lm-kiosque:devis_supprime-magasin:paiement autre achat-web:devis_supprime-magasin:paiement acompte projet cuisine-Rien,6
mobile:home page lm-magasin:demande devis-magasin:paiement autre achat-email:autre_campagne-magasin:modification dev-mobile:inscription-EndForced,9
mobile:home page lm-magasin:demande devis-magasin:paiement autre achat-kiosque:devis_valide-magasin:modification dev-Rien,9
mobile:home page lm-magasin:demande devis-magasin:paiement autre achat-kiosque:devis_valide-magasin:modification dev-magasin:devis termine-EndForced,9
mobile:home page lm-magasin:demande devis-magasin:paiement autre achat-magasin:devis_valide-magasin:validation devis-magasin:modification dev-EndForced,13
mobile:home page lm-magasin:demande devis-magasin:paiement autre achat-magasin:paiement total projet cuisine-magasin:validation devis-Rien,7
mobile:home page lm-magasin:demande devis-magasin:paiement autre achat-magasin:paiement total projet cuisine-magasin:validation devis-magasin:modification dev-EndForced,49
mobile:home page lm-magasin:demande devis-magasin:paiement autre achat-magasin:validation devis-magasin:modification dev-magasin:paiement produit cuisine-EndForced,34
mobile:home page lm-magasin:demande devis-magasin:paiement autre achat-magasin:validation devis-magasin:modification dev-mobile:inscription-EndForced,7
mobile:home page lm-magasin:demande devis-magasin:paiement autre achat-magasin:validation devis-magasin:paiement acompte projet cuisine-Rien,42
mobile:home page lm-magasin:demande devis-web:home page lm-magasin:paiement autre achat-kiosque:devis_valide-magasin:modification dev-EndForced,12
mobile:home page lm-magasin:demande devis-web:home page lm-magasin:paiement autre achat-magasin:paiement produit cuisine-Rien,14
mobile:home page lm-magasin:paiement autre achat-email:autre_campagne-mobile:inscription-magasin:paiement acompte projet cuisine-Rien,6
mobile:home page lm-magasin:paiement autre achat-magasin:paiement acompte projet cuisine-mobile:consultation produit cuisine-mobile:consultation cuisine-Rien,29
mobile:home page lm-magasin:paiement autre achat-magasin:paiement total projet cuisine-magasin:validation devis-magasin:modification dev-Rien,7
mobile:home page lm-magasin:paiement autre achat-magasin:paiement total projet cuisine-mobile:inscription-magasin:paiement acompte projet cuisine-Rien,12
mobile:home page lm-magasin:paiement autre achat-magasin:validation devis-magasin:modification dev-magasin:devis termine-magasin:paiement acompte projet cuisine-EndForced,9
mobile:home page lm-magasin:paiement autre achat-magasin:validation devis-magasin:modification dev-magasin:paiement acompte projet cuisine-Rien,7
mobile:home page lm-magasin:paiement autre achat-magasin:validation devis-magasin:modification dev-magasin:paiement acompte projet cuisine-web:devis termine-EndForced,12
mobile:home page lm-magasin:paiement autre achat-web:devis_valide-magasin:modification dev-magasin:paiement acompte projet cuisine-Rien,9
mobile:home page lm-mobile:consultation cuisine-magasin:paiement autre achat-Rien,51
mobile:home page lm-web:home page lm-magasin:paiement autre achat-magasin:paiement total projet cuisine-magasin:paiement acompte projet cuisine-Rien,11
mobile:home page lm-web:home page lm-magasin:paiement autre achat-web:consultation produit cuisine-magasin:paiement acompte projet cuisine-Rien,7
mobile:inscription-magasin:paiement autre achat-Rien,490
mobile:inscription-mobile:consultation cuisine-magasin:paiement autre achat-Rien,13
mobile:recherche-magasin:demande devis-kiosque:devis_valide-magasin:paiement autre achat-Rien,11
mobile:recherche-magasin:demande devis-magasin:paiement autre achat-Rien,17
mobile:recherche-magasin:demande devis-magasin:paiement autre achat-kiosque:devis_valide-magasin:modification dev-web:devis termine-EndForced,11
mobile:recherche-magasin:demande devis-magasin:paiement autre achat-magasin:validation devis-magasin:paiement acompte projet cuisine-Rien,8
mobile:recherche-magasin:demande devis-magasin:paiement autre achat-web:devis_valide-magasin:validation devis-magasin:paiement acompte projet cuisine-EndForced,14
mobile:recherche-magasin:modification dev-magasin:demande devis-magasin:paiement autre achat-Rien,4
mobile:recherche-magasin:paiement acompte projet cuisine-magasin:paiement autre achat-Rien,19
mobile:recherche-magasin:paiement acompte projet cuisine-magasin:paiement autre achat-mobile:home page lm-Rien,16
mobile:recherche-magasin:paiement acompte projet cuisine-mobile:home page lm-magasin:paiement autre achat-Rien,16
mobile:recherche-magasin:paiement acompte projet cuisine-mobile:inscription-magasin:paiement autre achat-Rien,11
mobile:recherche-magasin:paiement acompte projet cuisine-web:consultation produit cuisine-magasin:paiement autre achat-Rien,6
mobile:recherche-magasin:paiement autre achat-email:autre_campagne-magasin:paiement acompte projet cuisine-mobile:consultation cuisine-Rien,14
mobile:recherche-magasin:paiement autre achat-web:devis_valide-magasin:paiement acompte projet cuisine-web:devis termine-Rien,8
mobile:recherche-magasin:paiement total projet cuisine-magasin:paiement autre achat-Rien,6
mobile:recherche-mobile:consultation produit cuisine-mobile:consultation cuisine-magasin:paiement autre achat-Rien,36
mobile:recherche-mobile:home page lm-kiosque:devis termine-magasin:demande devis-magasin:paiement autre achat-web:devis_valide-EndForced,42
mobile:recherche-mobile:home page lm-magasin:demande devis-magasin:paiement autre achat-kiosque:devis_valide-magasin:paiement produit cuisine-EndForced,18
mobile:recherche-mobile:home page lm-magasin:demande devis-magasin:paiement autre achat-magasin:paiement total projet cuisine-magasin:paiement produit cuisine-EndForced,28
mobile:recherche-mobile:home page lm-magasin:demande devis-magasin:paiement autre achat-magasin:validation devis-magasin:modification dev-EndForced,15
mobile:recherche-mobile:home page lm-magasin:demande devis-magasin:paiement autre achat-magasin:validation devis-magasin:paiement acompte projet cuisine-EndForced,11
mobile:recherche-mobile:home page lm-magasin:demande devis-magasin:paiement autre achat-web:devis_supprime-web:devis_valide-EndForced,26
mobile:recherche-mobile:home page lm-magasin:demande devis-magasin:paiement autre achat-web:devis_valide-magasin:validation devis-EndForced,19
mobile:recherche-mobile:home page lm-magasin:paiement autre achat-email:autre_campagne-magasin:paiement total projet cuisine-mobile:inscription-EndForced,17
mobile:recherche-mobile:home page lm-magasin:paiement autre achat-magasin:paiement total projet cuisine-magasin:paiement acompte projet cuisine-Rien,13
mobile:recherche-mobile:home page lm-magasin:paiement autre achat-mobile:consultation produit cuisine-mobile:consultation cuisine-Rien,35
mobile:recherche-mobile:home page lm-magasin:paiement autre achat-mobile:inscription-magasin:paiement acompte projet cuisine-Rien,15
mobile:recherche-mobile:home page lm-magasin:paiement autre achat-web:devis_valide-magasin:devis termine-magasin:paiement produit cuisine-EndForced,52
web:consultation cuisine-email:abandon_cuisine-magasin:demande devis-web:home page lm-magasin:paiement autre achat-Rien,9
web:consultation cuisine-email:abandon_cuisine-magasin:demande devis-web:home page lm-magasin:paiement autre achat-magasin:devis_valide-EndForced,26
web:consultation cuisine-email:abandon_cuisine-magasin:demande devis-web:home page lm-magasin:paiement autre achat-magasin:validation devis-EndForced,10
web:consultation cuisine-email:abandon_cuisine-web:home page lm-magasin:paiement autre achat-kiosque:devis_valide-web:consultation produit cuisine-EndForced,38
web:consultation cuisine-email:abandon_cuisine-web:home page lm-magasin:paiement autre achat-magasin:paiement acompte projet cuisine-Rien,6
web:consultation cuisine-email:abandon_cuisine-web:home page lm-magasin:paiement autre achat-magasin:paiement total projet cuisine-web:consultation produit cuisine-EndForced,32
web:consultation cuisine-email:abandon_cuisine-web:home page lm-magasin:paiement autre achat-web:consultation produit cuisine-Rien,20
web:consultation cuisine-kiosque:devis termine-kiosque:devis_supprime-magasin:paiement autre achat-web:devis termine-Rien,11
web:consultation cuisine-kiosque:devis termine-kiosque:devis_supprime-web:home page lm-magasin:paiement autre achat-magasin:validation devis-EndForced,15
web:consultation cuisine-kiosque:devis termine-magasin:demande devis-magasin:paiement autre achat-kiosque:devis_valide-web:consultation produit cuisine-EndForced,12
web:consultation cuisine-kiosque:devis termine-magasin:demande devis-web:home page lm-magasin:paiement autre achat-kiosque:devis_valide-EndForced,46
web:consultation cuisine-kiosque:devis termine-magasin:demande devis-web:home page lm-magasin:paiement autre achat-web:devis_valide-EndForced,19
web:consultation cuisine-kiosque:devis termine-magasin:paiement autre achat-kiosque:devis_valide-magasin:devis_valide-Rien,7
web:consultation cuisine-kiosque:devis termine-magasin:paiement autre achat-web:consultation produit cuisine-web:devis termine-Rien,7
web:consultation cuisine-kiosque:devis termine-magasin:paiement autre achat-web:inscription-kiosque:devis_valide-magasin:paiement acompte projet cuisine-EndForced,25
web:consultation cuisine-kiosque:devis termine-web:home page lm-magasin:paiement autre achat-email:autre_campagne-kiosque:devis_valide-EndForced,12
web:consultation cuisine-kiosque:devis termine-web:home page lm-magasin:paiement autre achat-web:consultation produit cuisine-mobile:consultation cuisine-EndForced,22
web:consultation cuisine-kiosque:devis termine-web:home page lm-magasin:paiement autre achat-web:devis termine-Rien,9
web:consultation cuisine-kiosque:devis termine-web:home page lm-magasin:paiement autre achat-web:devis_supprime-web:consultation produit cuisine-EndForced,29
web:consultation cuisine-magasin:demande devis-kiosque:devis_supprime-magasin:paiement autre achat-web:devis_supprime-magasin:paiement produit cuisine-EndForced,21
web:consultation cuisine-magasin:demande devis-magasin:paiement autre achat-email:autre_campagne-magasin:validation devis-magasin:paiement acompte projet cuisine-EndForced,13
web:consultation cuisine-magasin:demande devis-magasin:paiement autre achat-kiosque:devis_valide-magasin:paiement acompte projet cuisine-web:devis termine-EndForced,18
web:consultation cuisine-magasin:demande devis-magasin:paiement autre achat-kiosque:devis_valide-magasin:paiement produit cuisine-Rien,13
web:consultation cuisine-magasin:demande devis-magasin:paiement autre achat-kiosque:devis_valide-magasin:validation devis-magasin:paiement acompte projet cuisine-EndForced,15
web:consultation cuisine-magasin:demande devis-magasin:paiement autre achat-kiosque:devis_valide-web:consultation produit cuisine-Rien,13
web:consultation cuisine-magasin:demande devis-magasin:paiement autre achat-kiosque:devis_valide-web:consultation produit cuisine-magasin:modification dev-EndForced,8
web:consultation cuisine-magasin:demande devis-magasin:paiement autre achat-kiosque:devis_valide-web:devis termine-mobile:consultation cuisine-EndForced,15
web:consultation cuisine-magasin:demande devis-magasin:paiement autre achat-magasin:devis_valide-magasin:validation devis-magasin:modification dev-EndForced,10
web:consultation cuisine-magasin:demande devis-magasin:paiement autre achat-magasin:validation devis-magasin:paiement produit cuisine-Rien,15
web:consultation cuisine-magasin:demande devis-magasin:paiement autre achat-web:consultation produit cuisine-magasin:devis termine-Rien,14
web:consultation cuisine-magasin:demande devis-magasin:paiement autre achat-web:devis_supprime-web:consultation produit cuisine-web:devis termine-EndForced,12
web:consultation cuisine-magasin:demande devis-web:home page lm-magasin:paiement autre achat-kiosque:devis_valide-magasin:paiement acompte projet cuisine-EndForced,31
web:consultation cuisine-magasin:demande devis-web:home page lm-magasin:paiement autre achat-magasin:validation devis-magasin:paiement acompte projet cuisine-EndForced,13
web:consultation cuisine-magasin:demande devis-web:home page lm-magasin:paiement autre achat-web:devis_valide-Rien,9
web:consultation cuisine-magasin:demande devis-web:home page lm-magasin:paiement autre achat-web:devis_valide-magasin:validation devis-EndForced,11
web:consultation cuisine-magasin:paiement autre achat-Rien,477
web:consultation cuisine-magasin:paiement autre achat-email:autre_campagne-web:consultation produit cuisine-magasin:paiement acompte projet cuisine-Rien,38
web:consultation cuisine-magasin:paiement autre achat-magasin:paiement total projet cuisine-kiosque:devis_valide-web:consultation produit cuisine-Rien,6
web:consultation cuisine-magasin:paiement autre achat-web:consultation produit cuisine-magasin:paiement produit cuisine-magasin:paiement acompte projet cuisine-Rien,27
web:consultation cuisine-magasin:paiement autre achat-web:devis_supprime-kiosque:devis_valide-web:devis termine-Rien,6
web:consultation cuisine-magasin:paiement autre achat-web:devis_valide-email:autre_campagne-web:consultation produit cuisine-magasin:paiement acompte projet cuisine-EndForced,13
web:consultation cuisine-magasin:paiement autre achat-web:devis_valide-web:consultation produit cuisine-magasin:paiement acompte projet cuisine-Rien,11
web:consultation cuisine-magasin:paiement autre achat-web:inscription-magasin:paiement total projet cuisine-web:consultation produit cuisine-Rien,17
web:consultation cuisine-mobile:home page lm-kiosque:devis termine-magasin:paiement autre achat-magasin:devis termine-magasin:paiement produit cuisine-EndForced,52
web:consultation cuisine-mobile:home page lm-magasin:demande devis-magasin:paiement autre achat-kiosque:devis_valide-mobile:inscription-EndForced,13
web:consultation cuisine-mobile:home page lm-magasin:paiement autre achat-Rien,37
web:consultation cuisine-mobile:home page lm-magasin:paiement autre achat-magasin:paiement total projet cuisine-magasin:paiement produit cuisine-mobile:consultation produit cuisine-EndForced,33
web:consultation cuisine-mobile:home page lm-magasin:paiement autre achat-magasin:paiement total projet cuisine-web:devis termine-Rien,11
web:consultation cuisine-mobile:recherche-mobile:home page lm-magasin:demande devis-web:home page lm-magasin:paiement autre achat-EndForced,21
web:consultation cuisine-mobile:recherche-web:home page lm-magasin:paiement autre achat-web:consultation produit cuisine-magasin:paiement produit cuisine-EndForced,52
web:consultation cuisine-web:home page lm-magasin:paiement autre achat-Rien,30
web:consultation cuisine-web:home page lm-magasin:paiement autre achat-email:autre_campagne-magasin:paiement total projet cuisine-web:consultation produit cuisine-EndForced,12
web:consultation cuisine-web:home page lm-magasin:paiement autre achat-magasin:paiement produit cuisine-magasin:paiement acompte projet cuisine-web:devis termine-EndForced,19
web:consultation cuisine-web:home page lm-magasin:paiement autre achat-magasin:paiement total projet cuisine-kiosque:devis_valide-web:consultation produit cuisine-EndForced,38
web:consultation cuisine-web:home page lm-magasin:paiement autre achat-magasin:paiement total projet cuisine-web:consultation produit cuisine-magasin:paiement produit cuisine-EndForced,16
web:consultation cuisine-web:home page lm-magasin:paiement autre achat-web:consultation produit cuisine-magasin:paiement acompte projet cuisine-Rien,116
web:consultation cuisine-web:home page lm-magasin:paiement autre achat-web:consultation produit cuisine-mobile:consultation cuisine-Rien,22
web:consultation cuisine-web:home page lm-magasin:paiement autre achat-web:consultation produit cuisine-web:devis termine-Rien,50
web:consultation cuisine-web:home page lm-magasin:paiement autre achat-web:consultation produit cuisine-web:paiement produit cuisine-Rien,15
web:consultation cuisine-web:home page lm-magasin:paiement autre achat-web:devis_valide-magasin:paiement acompte projet cuisine-Rien,8
web:consultation cuisine-web:home page lm-magasin:paiement autre achat-web:paiement autre achat-Rien,11
web:consultation cuisine-web:inscription-magasin:paiement autre achat-Rien,23
web:consultation cuisine-web:paiement autre achat-magasin:paiement autre achat-web:consultation produit cuisine-web:paiement produit cuisine-Rien,12
web:consultation cuisine-web:paiement autre achat-magasin:paiement autre achat-web:inscription-web:consultation produit cuisine-Rien,16
web:consultation cuisine-web:recherche-kiosque:devis termine-magasin:paiement autre achat-kiosque:devis_valide-web:consultation produit cuisine-EndForced,9
web:consultation cuisine-web:recherche-kiosque:devis termine-magasin:paiement autre achat-web:consultation produit cuisine-web:devis termine-EndForced,35
web:consultation cuisine-web:recherche-kiosque:devis termine-magasin:paiement autre achat-web:devis_supprime-email:autre_campagne-EndForced,35
web:consultation cuisine-web:recherche-magasin:demande devis-magasin:paiement autre achat-email:autre_campagne-magasin:validation devis-EndForced,36
web:consultation cuisine-web:recherche-magasin:demande devis-magasin:paiement autre achat-kiosque:devis_valide-magasin:validation devis-EndForced,23
web:consultation cuisine-web:recherche-magasin:demande devis-magasin:paiement autre achat-magasin:validation devis-web:consultation produit cuisine-EndForced,18
web:consultation cuisine-web:recherche-magasin:demande devis-magasin:paiement autre achat-web:consultation produit cuisine-Rien,14
web:consultation cuisine-web:recherche-magasin:demande devis-web:home page lm-magasin:paiement autre achat-kiosque:devis_valide-EndForced,27
web:consultation cuisine-web:recherche-magasin:demande devis-web:home page lm-magasin:paiement autre achat-magasin:validation devis-EndForced,75
web:consultation cuisine-web:recherche-magasin:demande devis-web:home page lm-magasin:paiement autre achat-web:consultation produit cuisine-EndForced,34
web:consultation cuisine-web:recherche-magasin:demande devis-web:home page lm-magasin:paiement autre achat-web:devis_valide-EndForced,60
web:consultation cuisine-web:recherche-magasin:paiement autre achat-kiosque:devis_valide-magasin:validation devis-magasin:modification dev-EndForced,16
web:consultation cuisine-web:recherche-magasin:paiement autre achat-web:consultation produit cuisine-magasin:paiement acompte projet cuisine-Rien,12
web:consultation cuisine-web:recherche-magasin:paiement autre achat-web:consultation produit cuisine-web:devis termine-Rien,9
web:consultation cuisine-web:recherche-magasin:paiement autre achat-web:consultation produit cuisine-web:devis termine-mobile:consultation cuisine-EndForced,55
web:consultation cuisine-web:recherche-web:home page lm-magasin:paiement autre achat-email:autre_campagne-web:consultation produit cuisine-EndForced,51
web:consultation cuisine-web:recherche-web:home page lm-magasin:paiement autre achat-magasin:paiement acompte projet cuisine-Rien,10
web:consultation cuisine-web:recherche-web:home page lm-magasin:paiement autre achat-magasin:paiement total projet cuisine-web:consultation produit cuisine-EndForced,42
web:consultation cuisine-web:recherche-web:home page lm-magasin:paiement autre achat-web:consultation produit cuisine-magasin:paiement produit cuisine-EndForced,23
web:consultation produit cuisine-magasin:paiement autre achat-Rien,93
web:consultation produit cuisine-magasin:paiement total projet cuisine-magasin:paiement autre achat-Rien,4
web:consultation produit cuisine-magasin:paiement total projet cuisine-web:consultation cuisine-magasin:paiement autre achat-Rien,14
web:consultation produit cuisine-mobile:consultation cuisine-magasin:paiement autre achat-Rien,4
web:consultation produit cuisine-web:consultation cuisine-magasin:paiement autre achat-Rien,965
web:consultation produit cuisine-web:consultation cuisine-magasin:paiement autre achat-web:home page lm-Rien,32
web:consultation produit cuisine-web:consultation cuisine-mobile:consultation cuisine-magasin:paiement autre achat-Rien,6
web:consultation produit cuisine-web:consultation cuisine-web:home page lm-magasin:paiement autre achat-Rien,188
web:consultation produit cuisine-web:consultation cuisine-web:inscription-magasin:paiement autre achat-Rien,41
web:consultation produit cuisine-web:consultation cuisine-web:paiement autre achat-magasin:paiement autre achat-Rien,9
web:consultation produit cuisine-web:consultation cuisine-web:paiement produit cuisine-magasin:paiement autre achat-Rien,11
web:consultation produit cuisine-web:paiement produit cuisine-magasin:paiement autre achat-Rien,4
web:devis termine-kiosque:devis_valide-magasin:paiement autre achat-Rien,4
web:devis termine-magasin:demande devis-kiosque:devis_valide-magasin:paiement autre achat-Rien,16
web:devis termine-magasin:demande devis-magasin:devis_valide-magasin:paiement autre achat-Rien,12
web:devis termine-magasin:demande devis-magasin:paiement autre achat-Rien,23
web:devis termine-magasin:devis_valide-magasin:paiement autre achat-Rien,7
web:devis termine-magasin:modification dev-kiosque:devis_valide-magasin:paiement autre achat-Rien,6
web:devis termine-magasin:paiement acompte projet cuisine-kiosque:devis_valide-magasin:paiement autre achat-Rien,12
web:devis termine-magasin:paiement acompte projet cuisine-magasin:devis_valide-magasin:paiement autre achat-Rien,22
web:devis termine-magasin:paiement acompte projet cuisine-magasin:paiement autre achat-Rien,7
web:devis termine-magasin:paiement acompte projet cuisine-magasin:paiement autre achat-mobile:home page lm-Rien,7
web:devis termine-magasin:paiement acompte projet cuisine-web:consultation produit cuisine-magasin:paiement autre achat-Rien,10
web:devis termine-magasin:paiement acompte projet cuisine-web:devis_valide-magasin:paiement autre achat-Rien,10
web:devis termine-magasin:paiement autre achat-Rien,540
web:devis termine-magasin:paiement autre achat-mobile:consultation cuisine-Rien,11
web:devis termine-magasin:paiement autre achat-mobile:home page lm-Rien,8
web:devis termine-magasin:paiement total projet cuisine-magasin:paiement autre achat-Rien,3
web:devis termine-magasin:paiement total projet cuisine-mobile:home page lm-magasin:paiement autre achat-Rien,8
web:devis termine-magasin:paiement total projet cuisine-web:consultation cuisine-magasin:paiement autre achat-Rien,16
web:devis termine-magasin:paiement total projet cuisine-web:devis_valide-magasin:paiement autre achat-Rien,12
web:devis termine-magasin:validation devis-web:devis_valide-magasin:paiement autre achat-Rien,4
web:devis termine-web:consultation cuisine-magasin:paiement autre achat-Rien,138
web:devis termine-web:consultation cuisine-web:home page lm-magasin:paiement autre achat-Rien,22
web:devis termine-web:consultation produit cuisine-magasin:paiement autre achat-Rien,6
web:devis termine-web:consultation produit cuisine-web:consultation cuisine-magasin:paiement autre achat-Rien,59
web:devis termine-web:devis_valide-magasin:paiement autre achat-Rien,11
web:devis_supprime-magasin:demande devis-magasin:paiement acompte projet cuisine-magasin:paiement autre achat-Rien,10
web:devis_supprime-magasin:paiement acompte projet cuisine-magasin:paiement autre achat-Rien,4
web:devis_supprime-web:consultation cuisine-magasin:paiement autre achat-Rien,6
web:devis_supprime-web:consultation produit cuisine-web:consultation cuisine-magasin:paiement autre achat-Rien,9
web:devis_supprime-web:devis termine-magasin:paiement autre achat-Rien,7
web:devis_supprime-web:devis termine-web:consultation cuisine-magasin:paiement autre achat-Rien,5
web:devis_supprime-web:devis termine-web:home page lm-magasin:paiement autre achat-Rien,15
web:home page lm-magasin:paiement autre achat-email:autre_campagne-kiosque:devis_valide-magasin:paiement acompte projet cuisine-Rien,7
web:home page lm-magasin:paiement autre achat-magasin:paiement total projet cuisine-magasin:paiement produit cuisine-magasin:paiement acompte projet cuisine-Rien,14
web:home page lm-magasin:paiement autre achat-magasin:paiement total projet cuisine-web:consultation produit cuisine-magasin:paiement acompte projet cuisine-Rien,11
web:home page lm-magasin:paiement autre achat-web:devis_supprime-web:devis_valide-kiosque:devis_valide-web:consultation produit cuisine-EndForced,11
web:home page lm-magasin:paiement autre achat-web:devis_supprime-web:devis_valide-magasin:paiement acompte projet cuisine-Rien,20
web:home page lm-magasin:paiement autre achat-web:devis_valide-email:autre_campagne-magasin:paiement acompte projet cuisine-Rien,8
web:home page lm-magasin:paiement autre achat-web:devis_valide-magasin:devis termine-web:devis termine-Rien,13
web:home page lm-magasin:paiement autre achat-web:devis_valide-magasin:paiement acompte projet cuisine-web:devis termine-Rien,6
web:home page lm-magasin:paiement autre achat-web:inscription-magasin:paiement acompte projet cuisine-web:devis termine-Rien,7
web:paiement autre achat-kiosque:devis termine-magasin:demande devis-magasin:paiement autre achat-kiosque:devis_valide-web:devis termine-EndForced,9
web:paiement autre achat-magasin:demande devis-magasin:paiement autre achat-magasin:validation devis-magasin:paiement acompte projet cuisine-Rien,8
web:paiement autre achat-magasin:demande devis-web:home page lm-magasin:paiement autre achat-kiosque:devis_valide-magasin:validation devis-EndForced,17
web:paiement autre achat-web:home page lm-magasin:paiement autre achat-web:inscription-magasin:paiement acompte projet cuisine-Rien,8
web:recherche-email:abandon_cuisine-magasin:paiement acompte projet cuisine-magasin:paiement autre achat-Rien,8
web:recherche-email:abandon_cuisine-magasin:paiement autre achat-web:consultation produit cuisine-magasin:paiement acompte projet cuisine-Rien,9
web:recherche-kiosque:devis termine-magasin:demande devis-magasin:paiement autre achat-kiosque:devis_valide-magasin:paiement produit cuisine-EndForced,25
web:recherche-kiosque:devis termine-magasin:demande devis-web:home page lm-magasin:paiement autre achat-web:devis_valide-EndForced,24
web:recherche-magasin:demande devis-kiosque:devis_valide-magasin:paiement autre achat-Rien,5
web:recherche-magasin:demande devis-magasin:modification dev-magasin:paiement autre achat-Rien,36
web:recherche-magasin:demande devis-magasin:paiement acompte projet cuisine-magasin:paiement autre achat-Rien,7
web:recherche-magasin:demande devis-magasin:paiement autre achat-Rien,21
web:recherche-magasin:demande devis-magasin:paiement autre achat-kiosque:devis_valide-magasin:modification dev-Rien,10
web:recherche-magasin:demande devis-magasin:paiement autre achat-kiosque:devis_valide-magasin:validation devis-magasin:modification dev-EndForced,15
web:recherche-magasin:demande devis-magasin:paiement autre achat-magasin:validation devis-magasin:paiement produit cuisine-magasin:paiement acompte projet cuisine-EndForced,15
web:recherche-magasin:demande devis-magasin:paiement autre achat-web:home page lm-Rien,14
web:recherche-magasin:demande devis-magasin:paiement autre achat-web:inscription-magasin:validation devis-magasin:paiement acompte projet cuisine-EndForced,8
web:recherche-magasin:demande devis-web:home page lm-magasin:paiement autre achat-Rien,20
web:recherche-magasin:demande devis-web:home page lm-magasin:paiement autre achat-email:autre_campagne-magasin:validation devis-EndForced,20
web:recherche-magasin:demande devis-web:home page lm-magasin:paiement autre achat-kiosque:devis_valide-magasin:validation devis-EndForced,18
web:recherche-magasin:paiement acompte projet cuisine-magasin:paiement autre achat-Rien,81
web:recherche-magasin:paiement acompte projet cuisine-mobile:home page lm-magasin:paiement autre achat-Rien,14
web:recherche-magasin:paiement acompte projet cuisine-web:consultation cuisine-magasin:paiement autre achat-Rien,33
web:recherche-magasin:paiement acompte projet cuisine-web:home page lm-magasin:paiement autre achat-Rien,120
web:recherche-magasin:paiement acompte projet cuisine-web:inscription-magasin:paiement autre achat-Rien,11
web:recherche-mobile:home page lm-magasin:demande devis-magasin:paiement autre achat-magasin:validation devis-magasin:modification dev-EndForced,22
web:recherche-mobile:home page lm-web:home page lm-magasin:paiement autre achat-magasin:paiement acompte projet cuisine-Rien,10
web:recherche-web:consultation cuisine-magasin:paiement autre achat-Rien,17
web:recherche-web:consultation cuisine-web:home page lm-magasin:paiement autre achat-Rien,27
web:recherche-web:consultation produit cuisine-web:consultation cuisine-magasin:paiement autre achat-Rien,202
web:recherche-web:devis termine-magasin:paiement autre achat-Rien,12
web:recherche-web:home page lm-magasin:paiement autre achat-magasin:paiement produit cuisine-magasin:paiement acompte projet cuisine-Rien,22
web:recherche-web:home page lm-magasin:paiement autre achat-web:consultation produit cuisine-magasin:paiement acompte projet cuisine-Rien,15
web:recherche-web:paiement autre achat-magasin:demande devis-web:home page lm-magasin:paiement autre achat-Rien,6
